CustomersLastName,CustomersFirstName,CosignersLastName,CosignersFirstName,EmployerName
White,Robert,,,Main St Manufacturing
Sanchez,William,Johnson,John,St. Francis Sr. Residence (NLE)
Robinson,Michael,,,Global Services LLC
White,Nancy,,,St. Francis Sr. Residence (NLE)
Williams,Charles,,,United Legal Group
Lewis,John,,,St. Francis Sr. Residence (NLE)
Garcia,Susan,,,United Legal Group
White,Mary,,,St. Francis Sr. Residence (NLE)
Robinson,David,Lopez,Sandra,St. Francis Sr. Residence (NLE)
Jones,Matthew,,,Main St Manufacturing
